Features,Importance
mileage_num,0.3663600243577786
engine_displacement_num,0.13362513585395783
year_num,0.0035765084573033735
condition,0.0013909888812083438
make,0.0
motor,0.0
transmission,0.0
title_status,0.0
model,0.0
